{
  "lessons": [
    {
      "name": "Your First Program",
      "task_list": [
        {
          "name": "Hello World",
          "task_files": {
            "helloworld.py": {
              "task_windows": [
                {
                  "line": 2,
                  "start": 6,
                  "hint": "lesson1task1helloworld_1",
                  "possible_answer": "\"Hello World!\"",
                  "length": 17
                }
              ]
            }
          }
        },
        {
          "name": "Comments",
          "task_files": {
            "comments.py": {
              "task_windows": [
                {
                  "line": 3,
                  "start": 0,
                  "possible_answer": "# comment out these lines",
                  "length": 23
                },
                {
                  "line": 4,
                  "start": 0,
                  "possible_answer": "# or your code won\u0027t work :(",
                  "length": 26
                },
                {
                  "line": 6,
                  "start": 0,
                  "possible_answer": "print(\"and uncomment this one!\")",
                  "length": 34
                }
              ]
            }
          }
        },
        {
          "name": "Spacing",
          "task_files": {
            "spacing.py": {
              "task_windows": [
                {
                  "line": 2,
                  "start": 0,
                  "possible_answer": "answer \u003d 0",
                  "length": 14
                },
                {
                  "line": 4,
                  "start": 0,
                  "possible_answer": "    if i % 3 \u003d\u003d 0 or i % 5 \u003d\u003d 0:",
                  "length": 28
                },
                {
                  "line": 6,
                  "start": 8,
                  "possible_answer": "i +\u003d 1",
                  "length": 10
                },
                {
                  "line": 8,
                  "start": 4,
                  "possible_answer": "    i +\u003d 1",
                  "length": 6
                }
              ]
            }
          }
        }
      ]
    },
    {
      "name": "Variables",
      "task_list": [
        {
          "name": "Data Types",
          "task_files": {
            "variables.py": {
              "task_windows": [
                {
                  "line": 2,
                  "start": 7,
                  "possible_answer": "\"Thea\"",
                  "length": 15
                },
                {
                  "line": 3,
                  "start": 6,
                  "possible_answer": "22",
                  "length": 14
                },
                {
                  "line": 4,
                  "start": 13,
                  "possible_answer": "True",
                  "length": 17
                }
              ]
            }
          }
        }
      ]
    },
    {
      "name": "Maths",
      "task_list": [
        {
          "name": "Basic Operators",
          "task_files": {
            "operators.py": {
              "task_windows": [
                {
                  "line": 2,
                  "start": 9,
                  "possible_answer": "1 + 9",
                  "length": 1
                },
                {
                  "line": 4,
                  "start": 12,
                  "possible_answer": "11 - 1",
                  "length": 1
                },
                {
                  "line": 6,
                  "start": 15,
                  "possible_answer": "1 * 10",
                  "length": 1
                },
                {
                  "line": 8,
                  "start": 9,
                  "possible_answer": "20 / 2",
                  "length": 1
                }
              ]
            }
          }
        },
        {
          "name": "Dangers in Division",
          "task_files": {
            "division.py": {
              "task_windows": [
                {
                  "line": 2,
                  "start": 4,
                  "possible_answer": "5 / 2",
                  "length": 1
                },
                {
                  "line": 5,
                  "start": 4,
                  "possible_answer": "5.0 / 2.0",
                  "length": 1
                }
              ]
            }
          }
        },
        {
          "name": "Further Maths",
          "task_files": {
            "moreoperators.py": {
              "task_windows": [
                {
                  "line": 1,
                  "start": 15,
                  "possible_answer": "1 ** 2",
                  "length": 1
                },
                {
                  "line": 4,
                  "start": 8,
                  "possible_answer": "5 % 2",
                  "length": 0
                }
              ]
            }
          }
        },
        {
          "name": "Libraries",
          "task_files": {
            "libraries.py": {
              "task_windows": [
                {
                  "line": 3,
                  "start": 3,
                  "possible_answer": "5",
                  "length": 0
                },
                {
                  "line": 6,
                  "start": 6,
                  "hint": "lesson3task4file1_3",
                  "possible_answer": "math.pi * r**2",
                  "length": 0
                }
              ]
            }
          }
        }
      ]
    },
    {
      "name": "Lists",
      "task_list": [
        {
          "name": "List Display",
          "task_files": {
            "display.py": {
              "task_windows": [
                {
                  "line": 2,
                  "start": 17,
                  "hint": "lesson4task1display_1",
                  "possible_answer": "[\"computers\", \"comics\", \"games\", \"food\"]",
                  "length": 1
                }
              ]
            }
          }
        },
        {
          "name": "List Comprehension",
          "task_files": {
            "comprehension.py": {
              "task_windows": [
                {
                  "line": 4,
                  "start": 8,
                  "hint": "lesson4task2comprehension_1",
                  "possible_answer": "[x * 2 for x in L]",
                  "length": 1
                }
              ]
            }
          }
        },
        {
          "name": "Accessing Lists",
          "task_files": {
            "access.py": {
              "task_windows": [
                {
                  "line": 3,
                  "start": 9,
                  "hint": "lesson4task3access_1",
                  "possible_answer": "\"yellow\"",
                  "length": 0
                },
                {
                  "line": 6,
                  "start": 8,
                  "possible_answer": "\"indigo\"",
                  "length": 1
                },
                {
                  "line": 9,
                  "start": 8,
                  "possible_answer": "7",
                  "length": 1
                },
                {
                  "line": 12,
                  "start": 8,
                  "possible_answer": "[\"red\", \"orange\", \"yellow\"]",
                  "length": 1
                },
                {
                  "line": 15,
                  "start": 8,
                  "possible_answer": "colours[::3]",
                  "length": 1
                }
              ]
            }
          }
        }
      ]
    }
  ],
  "description": "Learn the basics of python 2.7",
  "name": "Python Basics",
  "author": "thea"
}