{
  "lessons": [
    {
      "name": "Hello World!",
      "task_list": [
        {
          "name": "Your first program",
          "task_files": {
            "helloworld.py": {
              "task_windows": [
                {
                  "line": 2,
                  "start": 6,
                  "possible_answer": "\"Hello World!\"",
                  "length": 23
                }
              ]
            }
          }
        },
        {
          "name": "Comments",
          "task_files": {
            "comments.py": {
              "task_windows": [
                {
                  "line": 3,
                  "start": 0,
                  "possible_answer": "# comment out these lines",
                  "length": 23
                },
                {
                  "line": 4,
                  "start": 0,
                  "possible_answer": "# or your code won\u0027t work :(",
                  "length": 26
                },
                {
                  "line": 6,
                  "start": 0,
                  "possible_answer": "print(\"and uncomment this one!\")",
                  "length": 33
                }
              ]
            }
          }
        },
        {
          "name": "Assigning variables",
          "task_files": {
            "variables.py": {
              "task_windows": [
                {
                  "line": 2,
                  "start": 5,
                  "possible_answer": "\"Thea\"",
                  "length": 1
                },
                {
                  "line": 3,
                  "start": 4,
                  "possible_answer": "22",
                  "length": 1
                },
                {
                  "line": 4,
                  "start": 11,
                  "possible_answer": "True",
                  "length": 1
                }
              ]
            }
          }
        },
        {
          "name": "Basic Maths",
          "task_files": {
            "file1.py": {
              "task_windows": []
            }
          }
        },
        {
          "name": "Division",
          "task_files": {
            "file1.py": {
              "task_windows": []
            }
          }
        }
      ]
    },
    {
      "name": "99 Bottles",
      "task_list": [
        {
          "name": "Loops",
          "task_files": {
            "file1.py": {
              "task_windows": []
            }
          }
        },
        {
          "name": "If  then  else",
          "task_files": {
            "file1.py": {
              "task_windows": []
            }
          }
        },
        {
          "name": "99 Bottles",
          "task_files": {
            "file1.py": {
              "task_windows": []
            }
          }
        }
      ]
    },
    {
      "name": "Pythagorean Triples",
      "task_list": [
        {
          "name": "User Input",
          "task_files": {
            "file1.py": {
              "task_windows": []
            }
          }
        },
        {
          "name": "Answer",
          "task_files": {
            "file1.py": {
              "task_windows": []
            }
          }
        }
      ]
    },
    {
      "name": "Higher or Lower",
      "task_list": [
        {
          "name": "Defining functions",
          "task_files": {
            "file1.py": {
              "task_windows": []
            }
          }
        },
        {
          "name": "Right angled triangles",
          "task_files": {
            "file1.py": {
              "task_windows": []
            }
          }
        }
      ]
    },
    {
      "name": "Magic 8 Ball",
      "task_list": [
        {
          "name": "task1",
          "task_files": {
            "file1.py": {
              "task_windows": []
            }
          }
        }
      ]
    },
    {
      "name": "List Comprehension",
      "task_list": []
    },
    {
      "name": "Mad Libs",
      "task_list": [
        {
          "name": "task1",
          "task_files": {
            "file1.py": {
              "task_windows": []
            }
          }
        }
      ]
    },
    {
      "name": "Maths",
      "task_list": [
        {
          "name": "Basic Operators",
          "task_files": {
            "file1.py": {
              "task_windows": [
                {
                  "line": 2,
                  "start": 9,
                  "possible_answer": "1 + 2",
                  "length": 1
                },
                {
                  "line": 4,
                  "start": 12,
                  "possible_answer": "2 - 1",
                  "length": 1
                },
                {
                  "line": 6,
                  "start": 15,
                  "possible_answer": "1 * 2",
                  "length": 1
                },
                {
                  "line": 8,
                  "start": 9,
                  "possible_answer": "2 / 1",
                  "length": 1
                }
              ]
            }
          }
        },
        {
          "name": "Dangers in Division",
          "task_files": {
            "file1.py": {
              "task_windows": [
                {
                  "line": 2,
                  "start": 6,
                  "possible_answer": "5 / 2",
                  "length": 8
                },
                {
                  "line": 5,
                  "start": 6,
                  "possible_answer": "5.0 / 2.0",
                  "length": 6
                }
              ]
            }
          }
        },
        {
          "name": "Further Maths",
          "task_files": {
            "file1.py": {
              "task_windows": []
            }
          }
        },
        {
          "name": "Importing Libraries",
          "task_files": {
            "file1.py": {
              "task_windows": []
            }
          }
        }
      ]
    }
  ],
  "description": "Small projects suitable for python new-comers",
  "name": "Beginner Challenges",
  "author": "Thea Koutsoukis"
}